id,y_true,y_prob,y_pred
7166,1,0.6993538875739758,1
7168,0,0.7494643861339418,1
7171,0,0.25606493890163473,0
7173,1,0.1487510382046503,0
7175,0,0.2579676844539927,0
7178,1,0.6868321070592003,1
7181,0,0.03004918623457188,0
7182,1,0.25555045704372015,0
7183,0,0.1799249137302219,0
7185,0,0.42790949107487364,0
7190,0,0.6482139600167655,1
7195,0,0.22814967784303578,0
7196,0,0.2265339501126207,0
7199,0,0.20633305102554628,0
7200,1,0.3804433615316581,0
7203,0,0.5158300974530811,1
7204,0,0.5170932428111865,1
7207,0,0.8509218502876588,1
7208,1,0.8573854041129828,1
7209,1,0.7097229433754535,1
7211,0,0.6789663087419052,1
7217,1,0.8842869545078236,1
7218,1,0.25465656558239735,0
7221,1,0.23744745284620675,0
7222,0,0.5598236264824519,1
7225,1,0.7267492972251388,1
7228,0,0.5466080162323302,1
7229,1,0.5183323228256931,1
7232,1,0.2691519242099693,0
7234,1,0.7581845760691835,1
7760,1,0.17633128514157623,0
7763,0,0.5549071657215501,1
7768,1,0.6980673623923783,1
7770,0,0.4972111499330465,0
7775,1,0.9050365513184412,1
7777,0,0.9128950927567272,1
7780,0,0.9373887752206083,1
7784,0,0.9418329054822949,1
7785,0,0.26662849181730675,0
7789,1,0.4157827560071358,0
7791,1,0.5054511832379965,1
7792,0,0.21645069882031434,0
7795,0,0.04502603419362038,0
7798,0,0.33966290410536576,0
7805,1,0.7142113872538195,1
7806,1,0.5291658727947248,1
7808,1,0.6819462121470398,1
7809,1,0.18147575956066947,0
7811,0,0.5769443485663506,1
7815,0,0.17965063948277665,0
7817,0,0.9239979441561116,1
7819,0,0.5597269334736081,1
7820,1,0.42856650162248805,0
7821,0,0.5921810348140365,1
7825,0,0.9545524576847682,1
7828,0,0.08040647822968368,0
7829,0,0.7992881577311451,1
7830,1,0.4899478011276948,0
7832,1,0.7759295404557928,1
7836,1,0.888747916735513,1
7840,0,0.763510020994149,1
7841,1,0.5787160934846535,1
7846,1,0.46066950859249,0
7851,1,0.3621444526298677,0
7853,0,0.8991835374695364,1
7854,1,0.477790607915757,0
7855,0,0.18687080348579674,0
7859,0,0.6910738704214442,1
7863,1,0.606812988791281,1
7865,1,0.5201574304741522,1
7867,1,0.6009263926266529,1
7872,1,0.8350452265895417,1
7873,1,0.41558044204439354,0
7879,0,0.2900544439104006,0
7880,0,0.7344665263368556,1
7884,1,0.7480084323113486,1
7885,0,0.895178605684123,1
7889,0,0.8478414884093003,1
7892,1,0.8440302953866246,1
7893,0,0.7042133120432149,1
7894,0,0.517788384794822,1
7900,0,0.32505679721239067,0
7901,1,0.9410596820051617,1
7902,0,0.784205373615391,1
7904,0,0.14645355443222116,0
8836,1,0.4296975407414299,0
8837,1,0.5033866502664599,1
8840,1,0.719714447440367,1
8842,0,0.3796038708215267,0
8843,0,0.2206470697284158,0
8846,1,0.5939848179881674,1
8849,1,0.8081062544153209,1
8851,1,0.7729105655962297,1
8853,1,0.9939377722827113,1
8855,0,0.3515309351120253,0
8856,1,0.42640843007681023,0
8858,1,0.6687846118618646,1
8864,1,0.3954808154683903,0
8865,1,0.9253905736329653,1
8866,1,0.3660923159830379,0
8867,1,0.6827141954241247,1
8868,1,0.9093469135335076,1
8870,0,0.18484205843887078,0
8874,0,0.04159486471241329,0
8882,0,0.5882148287976773,1
8886,1,0.7581795986268903,1
8887,0,0.07418374952875291,0
8888,0,0.2635973194677849,0
8889,0,0.5364994927057436,1
8891,0,0.3483103567292671,0
8892,0,0.07227379929031409,0
8894,1,0.7926940931700187,1
8897,1,0.6771345479025129,1
8898,1,0.5163778969924979,1
8899,1,0.6344583740937684,1
8900,1,0.6407768739396201,1
8904,0,0.15268833194387604,0
8906,1,0.7667058727739604,1
8915,0,0.5047771505528925,1
8916,1,0.3012434382154626,0
8921,1,0.5821972678293309,1
8924,0,0.1161114208280494,0
8928,1,0.3952980851159322,0
8929,0,0.6335660923945173,1
8931,0,0.008872373209192048,0
8932,1,0.2196504123061429,0
8936,1,0.39842684174381265,0
8939,1,0.8010858114054578,1
8940,1,0.3571178806470344,0
8944,0,0.15351857373234062,0
8945,0,0.2005681960596708,0
8951,0,0.035608077273933905,0
8952,0,0.3175218726443536,0
8953,1,0.7737186776702528,1
8955,1,0.8158833183279462,1
8958,1,0.3462857352380343,0
8959,0,0.14518093885357095,0
8964,0,0.5575596795554566,1
8965,1,0.32702680580433846,0
8969,0,0.8341537954772823,1
8973,0,0.23025260701627998,0
8974,1,0.7972592537219021,1
8976,1,0.7783957575628875,1
8977,1,0.7113038619335001,1
8978,0,0.2342274741855907,0
8979,0,0.3972374093603397,0
8981,0,0.17707881427994968,0
8984,0,0.046206084121972184,0
8987,1,0.6192857250208847,1
8992,0,0.14639015172272488,0
8994,0,0.7925147114724991,1
9000,0,0.19282556100552967,0
9001,0,0.1786645055407467,0
9002,0,0.18122844220848436,0
9004,0,0.07716634936676094,0
9005,0,0.6646299642844884,1
9007,1,0.5344531129145995,1
9013,1,0.9009712045321123,1
9014,1,0.758814603369477,1
9017,1,0.7578427841730984,1
9019,0,0.6353592307317811,1
9021,1,0.8638391595565189,1
9026,1,0.8603818241093679,1
9027,1,0.7193282415099741,1
9029,1,0.9302844711343621,1
9031,0,0.39192319217865795,0
9034,1,0.9647046774698859,1
9036,0,0.9265700924347331,1
9037,1,0.7200040878085482,1
9038,0,0.04894219077008535,0
9039,1,0.30218829576636774,0
9040,1,0.7784058229985978,1
9041,1,0.6612368533947651,1
9042,0,0.021777858926944064,0
9043,1,0.9720640213118866,1
9046,0,0.8074285355728419,1
9047,1,0.9382839872229309,1
9048,0,0.6292509239510309,1
9049,0,0.07583810983279377,0
9052,0,0.17146470114598053,0
9055,0,0.049290329919921334,0
9062,0,0.8474377891153367,1
9063,1,0.9121268956119404,1
9064,0,0.45772023513072463,0
9065,0,0.16507037586061357,0
9066,0,0.2055295638339805,0
9067,1,0.5671482843144348,1
14030,0,0.45796416196090156,0
14036,1,0.38733629241687195,0
14040,0,0.16787685801568147,0
14041,1,0.7502958832224725,1
14043,0,0.04221335393561461,0
14045,0,0.07176127798924462,0
14046,0,0.3274804635963797,0
14048,0,0.4130616715989084,0
14049,0,0.5588448441380923,1
14052,1,0.6983421769339762,1
14054,0,0.060164853369220866,0
14057,0,0.05055815893042376,0
14059,0,0.17796544520607352,0
14066,1,0.4721375606461959,0
14072,1,0.06793438383403912,0
14073,0,0.06735257921179226,0
14074,1,0.6994222538342864,1
14076,0,0.09595824679462653,0
14080,0,0.5512324003960556,1
14082,1,0.485957360833743,0
14083,1,0.7367172174119219,1
14091,0,0.05915252353032309,0
14092,0,0.3758295616937746,0
14094,0,0.14542333656093756,0
14096,0,0.5303856373244051,1
14097,1,0.5848884511081013,1
14098,1,0.45963236693426957,0
14099,1,0.6982602151621067,1
14102,1,0.9487914855038325,1
14103,0,0.4596180089145613,0
14105,1,0.9145027775860806,1
14114,0,0.409820832464305,0
14117,0,0.15248870676209866,0
14118,1,0.724829440740432,1
14119,0,0.1348121190484951,0
14120,0,0.08503643430311097,0
14126,1,0.55244095366722,1
14128,1,0.25983440892403253,0
14129,1,0.4491937191350913,0
14131,0,0.22191240559610073,0
14134,0,0.6174436750352872,1
14135,0,0.1876037026549311,0
14136,1,0.6535653796929856,1
14138,1,0.4274124947520763,0
14142,1,0.670472066372924,1
14143,0,0.04123039092293161,0
14145,1,0.8438950398291718,1
14147,0,0.09390138417445741,0
14150,1,0.2161006523301891,0
14151,1,0.798598192638243,1
14153,1,0.6768928254326358,1
14154,1,0.3281101528802891,0
14155,0,0.1342139181542161,0
14156,1,0.33482834195317474,0
14159,1,0.3436163444164173,0
14161,0,0.8721600709943865,1
14163,1,0.5172159950313443,1
14165,0,0.5047773975993883,1
14167,0,0.6123521961399802,1
14169,0,0.473257259446438,0
14171,0,0.13331149013826174,0
14173,1,0.7456465140479445,1
14176,0,0.2660990529214384,0
14177,1,0.9792159426605951,1
14180,0,0.7492390276186777,1
14182,1,0.6040334084701842,1
14185,0,0.14164796229617851,0
14190,1,0.1760371022220891,0
14195,0,0.773371136108492,1
14197,1,0.5993374400057243,1
14201,1,0.6724255638524419,1
14204,1,0.6801799284316089,1
14205,1,0.7937993699420555,1
14208,1,0.4433351031220504,0
14210,1,0.9584585962271441,1
14213,1,0.9203223293438146,1
14215,1,0.9744926487369698,1
14216,0,0.7092619280577153,1
14217,0,0.021036108169401376,0
14218,1,0.5229214603035426,1
14219,0,0.6733006418244835,1
14220,1,0.9642468038210552,1
14228,0,0.8970337543996475,1
14229,0,0.14206325625680852,0
14235,0,0.37410543107349786,0
14237,1,0.37884407070201176,0
14239,1,0.3270957017219098,0
14242,1,0.8868573953114841,1
14244,0,0.03438718063365457,0
14247,0,0.39267596059979987,0
14251,0,0.07915426558911452,0
14252,0,0.07581431109153527,0
14255,0,0.1704008139567231,0
14258,0,0.5713934759291092,1
14262,0,0.10637007282072855,0
14265,0,0.10536908486550842,0
14269,1,0.6845198983460963,1
14270,1,0.819361650277588,1
14271,0,0.08954053662704031,0
14272,0,0.49758908918487127,0
14275,0,0.776971682079389,1
14284,0,0.08856520397967448,0
14288,0,0.8598661713751556,1
14293,1,0.5219232353721377,1
14296,1,0.1921396987768096,0
14297,1,0.9256772023809053,1
14299,0,0.154225982815629,0
14300,1,0.6067459041972041,1
14302,0,0.22718155348352004,0
14307,0,0.6647231644826007,1
14311,1,0.03391279510567786,0
14313,1,0.8919565544673181,1
14314,0,0.0698074797107276,0
14315,0,0.4335053335163726,0
14316,0,0.4138418761641274,0
14317,0,0.7491981718356135,1
14319,0,0.08609880909044076,0
14320,0,0.3979817970141703,0
14323,0,0.17202770126163847,0
14324,1,0.9376244524647842,1
14327,0,0.10734896170630608,0
14328,0,0.7112477513560564,1
14329,0,0.47031151058746173,0
14331,0,0.13970803376424046,0
14335,0,0.4399977476994234,0
14336,1,0.9693897651726636,1
14342,0,0.6826378798058739,1
14343,1,0.8927310592722395,1
14346,0,0.2600508736584779,0
14347,1,0.8883463621359482,1
14348,1,0.978789984263548,1
14350,0,0.6333566913995866,1
14359,1,0.5343502421408615,1
14360,0,0.5473043694984219,1
14369,0,0.13485477909007804,0
14370,0,0.03752437983850583,0
14372,0,0.44302818880134387,0
14374,0,0.6987894434582164,1
14377,0,0.67322673622636,1
14378,0,0.17892041392742833,0
14380,0,0.46633947615600896,0
14384,0,0.3078394840646091,0
14388,1,0.41828384760028137,0
14390,0,0.34400058623880575,0
14391,1,0.6043735770334722,1
14393,0,0.478907560097756,0
14394,0,0.1506086240106953,0
14395,0,0.049902390116882855,0
14396,0,0.31091355926192205,0
14397,0,0.2031456842275519,0
14400,1,0.23341184542193713,0
14406,0,0.12840319438639078,0
14407,1,0.9145039136850425,1
14412,0,0.16198104924336898,0
14414,0,0.19137993094769915,0
14415,0,0.27489132596378263,0
14419,0,0.035195108412657786,0
14421,0,0.07184639047686718,0
14422,1,0.8684715363942187,1
14423,0,0.0792684666453927,0
14425,1,0.88786387341885,1
14428,0,0.13747144471449171,0
14431,0,0.10953781249456485,0
14433,0,0.1973837111096114,0
14434,1,0.7644482169487101,1
14435,1,0.9667444191853379,1
14437,0,0.4424780537016765,0
14441,0,0.24753893611699448,0
14442,1,0.9499373181836909,1
14443,1,0.13879340098321255,0
14444,0,0.5101525709251101,1
14446,1,0.8628972351970126,1
14447,0,0.0701795880018748,0
14452,1,0.23052296057570432,0
14453,1,0.8123009298001196,1
14455,1,0.2778704190294484,0
14456,1,0.707896021709884,1
14457,0,0.09042793411670705,0
14459,0,0.019949885364474586,0
14466,0,0.14149801299762182,0
14473,0,0.4479265402477514,0
14483,1,0.18544075291650858,0
14484,0,0.48029089063263464,0
14488,1,0.5150286499571102,1
14489,0,0.255526888330249,0
14493,1,0.7184882096058687,1
14494,1,0.9632796311313561,1
14497,0,0.03913227593645651,0
14498,0,0.6105981639887189,1
14499,0,0.18172818558678958,0
14500,1,0.22344133423803414,0
14503,0,0.4728689818077403,0
14507,0,0.6250919278382647,1
14508,1,0.4259690468408357,0
14510,0,0.3270681029496596,0
14511,0,0.358151841738215,0
14515,0,0.33886401606788985,0
14516,1,0.8452063522882644,1
14518,0,0.1443983816663916,0
14522,0,0.08842896687623644,0
14525,0,0.4389395968244599,0
14529,1,0.6580104930649991,1
14531,1,0.9069184073118899,1
14534,1,0.7484628545180803,1
14535,0,0.25735791455902846,0
14536,1,0.9099284707443785,1
14540,0,0.5833809218955903,1
14541,1,0.28628561519746976,0
14542,1,0.7974925725008074,1
14543,0,0.3237867717415647,0
14546,0,0.2993734863659183,0
14547,0,0.8594315457483319,1
14549,0,0.3335992904064181,0
14554,1,0.9685426920443215,1
14556,0,0.08478073902861714,0
14557,0,0.6738351556342791,1
14560,1,0.8606600774519507,1
14566,0,0.5758992513653969,1
14568,0,0.7028580939990283,1
14570,0,0.2513805603042355,0
14571,1,0.7484668383624837,1
14574,1,0.902460766310516,1
14578,1,0.9448564012160959,1
14580,1,0.14215334383024916,0
14581,1,0.6564338660002244,1
14587,1,0.351896732992902,0
14591,1,0.7659279370962985,1
14593,0,0.19875756614309473,0
14594,1,0.4552507982995797,0
14595,1,0.643280456367359,1
14602,1,0.30579361007968414,0
14603,1,0.7021598439112464,1
14605,1,0.8756566914012499,1
14607,1,0.6496874198973114,1
14608,0,0.2812930867422506,0
14611,0,0.6427873740031457,1
14612,0,0.3052567311771823,0
14617,1,0.44545979572033795,0
14627,1,0.8635673338882423,1
14629,0,0.5198542025121807,1
14630,0,0.27669686867430915,0
14633,0,0.70336407491073,1
14639,1,0.9895988447813887,1
14642,1,0.6734017273754757,1
14648,1,0.7957027882234882,1
14650,1,0.8373125947974553,1
14652,0,0.42720425986545146,0
14654,1,0.36642885327345937,0
14657,1,0.8566588799481953,1
14660,0,0.2252718156425934,0
14663,0,0.2571555662330772,0
14664,0,0.3568179761960575,0
14666,1,0.8611501189883772,1
14668,0,0.4856980189272458,0
14672,0,0.1126224356735704,0
14674,0,0.40957337359684065,0
14675,0,0.1329728536978766,0
14678,0,0.12130366688474441,0
14679,1,0.4446927783998284,0
14681,1,0.6021288170768129,1
14682,0,0.2476611773657323,0
14685,1,0.1326655328699039,0
14689,1,0.8566428115030645,1
14692,0,0.06482843159771068,0
14694,0,0.5536553050013083,1
14695,0,0.1797130546139277,0
14696,0,0.2106945929077327,0
14697,0,0.5370145632877915,1
14698,0,0.459216155041501,0
14702,1,0.8214877704842749,1
14707,1,0.7580926640133775,1
14709,0,0.10635576978943671,0
14710,0,0.5110391418545084,1
14712,1,0.8749113792795925,1
14716,1,0.9395565130920956,1
14717,1,0.7197749447831231,1
14718,1,0.5813775613632952,1
14721,1,0.952841442481487,1
14727,0,0.10001368370509287,0
14732,0,0.8937440151659263,1
14737,0,0.08850003147222336,0
14738,0,0.009119532026746464,0
14741,1,0.4008641329331099,0
14743,1,0.8465904090695249,1
14744,0,0.15333016974389482,0
14746,0,0.1259768193439366,0
14747,0,0.055656100018545596,0
14753,0,0.6777929502451202,1
14754,0,0.5670952413090804,1
14755,1,0.7467428460124702,1
14758,1,0.6221966734254659,1
14759,1,0.7911553907293877,1
14760,0,0.18172768182856827,0
14768,1,0.6465464113962465,1
14770,0,0.20351237144305412,0
14771,1,0.968568678002171,1
14773,1,0.9133541268725544,1
14778,0,0.47064719070180966,0
14780,0,0.05371137686686852,0
14782,1,0.4199226215913043,0
14787,0,0.2511651379582694,0
14790,0,0.16476183544702117,0
14791,1,0.49871835390623515,0
14793,0,0.3785042785214747,0
14797,1,0.48779451094611853,0
14799,0,0.4357146713131398,0
14801,0,0.43781995396976064,0
14804,1,0.6141028596443552,1
14806,1,0.05846984512356329,0
14807,1,0.371980728333009,0
14808,0,0.2993728899810627,0
14810,0,0.22336524668046343,0
14812,1,0.30827544696196363,0
14813,1,0.45038096379732834,0
14816,0,0.022811186909897554,0
14818,0,0.34877939510833483,0
14822,0,0.5304708443136085,1
14823,0,0.7359232167486321,1
14828,1,0.7910724970365492,1
14829,0,0.3858174962484665,0
14837,0,0.11782951409853445,0
14838,0,0.5988690327057222,1
14841,0,0.007609937334892758,0
14842,1,0.9026707231486802,1
14844,1,0.7866347651449567,1
14846,0,0.6662803094642666,1
14847,1,0.9319718415395284,1
14851,0,0.31220876190171304,0
14852,1,0.8121084696016205,1
14855,0,0.1818511743671414,0
14856,0,0.5780182034461794,1
14860,0,0.14902253573936028,0
14866,0,0.4036192677162484,0
14869,1,0.33521798693846067,0
14871,0,0.21130599735801628,0
14872,1,0.6645678785605729,1
14875,1,0.8424891103032712,1
14876,1,0.34144546025192196,0
14879,1,0.9338587694226366,1
14885,0,0.5584781587343117,1
14892,1,0.2970752953990299,0
14898,1,0.19702614243510136,0
14904,1,0.9401544413584131,1
14909,0,0.5533332653830346,1
14912,0,0.7059520762309932,1
14913,0,0.03489081060799159,0
14915,0,0.08940735033795315,0
14919,1,0.6253008646314656,1
14922,0,0.40812437824635484,0
14924,1,0.10807728404925349,0
14925,0,0.8011229718175986,1
14928,0,0.2755753462497434,0
14932,1,0.4296673932138524,0
14936,0,0.143078555786003,0
14937,0,0.864582571936792,1
14940,1,0.7324908059283268,1
14942,0,0.33521840122504065,0
14947,1,0.8622592529956205,1
14951,1,0.9195958364201776,1
14952,1,0.16532630499371187,0
14954,0,0.19219898418219478,0
14957,1,0.9318604554177111,1
14958,0,0.8353930324418938,1
14966,1,0.6437659762430602,1
14967,0,0.02396145586095224,0
14970,1,0.6299399221631551,1
14991,0,0.55467759430221,1
14992,1,0.31042833026734057,0
14997,1,0.34765008336147346,0
14998,1,0.8783739364289593,1
14999,0,0.6291990538210358,1
15005,1,0.7277008416165166,1
15008,0,0.26046776889416257,0
15012,1,0.7682481516006096,1
15013,1,0.7860406884263834,1
15014,0,0.42064292315966906,0
15017,0,0.45053614763141053,0
15019,1,0.8493676988179617,1
15022,0,0.6139537719430014,1
15025,0,0.28700525278413214,0
15028,0,0.5329893833177197,1
15031,1,0.5362307532982856,1
15035,1,0.6747045731507912,1
15036,0,0.4805520325596898,0
15037,0,0.07852890801702797,0
15041,0,0.3446409438017501,0
15042,1,0.8144211102904411,1
15043,1,0.5382915720292455,1
15046,1,0.8514241588207858,1
15048,1,0.9529775057052986,1
15049,0,0.2981589898571011,0
15050,0,0.2935230191037721,0
15051,0,0.24331255996527956,0
15054,1,0.936201176398848,1
15055,1,0.8182817297232263,1
15056,1,0.6971991089418554,1
15057,0,0.1653797695669121,0
15066,0,0.4400312644209833,0
15067,1,0.8860291054903094,1
15075,0,0.10753509921043457,0
15079,0,0.2837697298865595,0
15080,0,0.7492759675419511,1
15088,0,0.254655581559778,0
15096,1,0.924193225649271,1
15097,1,0.6524050381276346,1
15098,0,0.16892706760406073,0
15099,0,0.24556850408981085,0
15102,1,0.38625821360368806,0
15112,0,0.3982412963533572,0
15117,1,0.681553486249442,1
15120,1,0.398642751221336,0
15121,1,0.5238618540255242,1
15122,1,0.36307237894068134,0
15123,1,0.8410591508211167,1
15125,1,0.8648442217747666,1
15129,1,0.9249330600824988,1
15133,1,0.3516561264092243,0
15135,0,0.04184485957916145,0
15138,0,0.5231258319648712,1
15142,0,0.10161006797389452,0
15145,0,0.10403156870177753,0
15150,0,0.08893977834628701,0
15157,0,0.3785277708630023,0
15158,1,0.16606906680495817,0
15160,0,0.07256635196900317,0
15161,1,0.7886889406641399,1
15163,0,0.7994688216713859,1
15167,0,0.7043528952644584,1
15169,1,0.8315858848258069,1
15180,0,0.7617755080888122,1
15181,1,0.9547166823292632,1
15186,0,0.2537346292127842,0
15187,1,0.7857926246677412,1
15188,0,0.020879976086557738,0
15189,1,0.3964115674967505,0
15191,0,0.8409465508556796,1
15198,1,0.7843111809741242,1
15204,0,0.2592092606466991,0
15205,0,0.3562300667334363,0
15207,1,0.5323727197648708,1
15209,1,0.6294755385165058,1
15210,1,0.6655284262661275,1
15211,1,0.8516582005039606,1
15212,1,0.07751283241162892,0
15214,0,0.6400286680702896,1
15215,0,0.18381223428473467,0
15219,1,0.5695308778898726,1
15220,0,0.4240555674332465,0
15221,1,0.5877193485496657,1
15227,0,0.5232651927384424,1
15232,0,0.33152114045664044,0
15238,0,0.8144067955598872,1
15485,1,0.7888092383346426,1
15486,1,0.882593752979167,1
15487,1,0.9485109330812278,1
15492,0,0.40013042022008827,0
15493,1,0.14596017445398707,0
15499,1,0.6626371920005029,1
15501,0,0.7647218911376528,1
15503,1,0.9479143910209945,1
15507,1,0.9313072973414884,1
15508,1,0.7235731935429094,1
15510,1,0.7127436932448477,1
15514,0,0.3537973287728558,0
15516,1,0.9939779351381729,1
15518,0,0.46810534542519877,0
15519,0,0.09461285449918738,0
15520,0,0.33864130464516834,0
15523,0,0.04554269350562941,0
15524,0,0.304063876318752,0
15526,1,0.5703753147078774,1
15527,0,0.618730744228068,1
15531,0,0.8458031453120268,1
15534,1,0.6061430456754966,1
15536,0,0.003493266630922798,0
15538,0,0.6509317359237967,1
15539,0,0.45818399879133753,0
15541,0,0.6268219464441314,1
15544,1,0.1396410382895704,0
15548,1,0.5864917391233826,1
16068,0,0.7791158483196439,1
16070,0,0.5135702017853822,1
16071,0,0.6581238915078139,1
16075,1,0.7832675101893132,1
16076,0,0.7779411980470601,1
16079,1,0.6056355806602645,1
16083,0,0.7896822047932119,1
16084,0,0.3176416126682575,0
16085,1,0.2868241159272475,0
16086,1,0.8914769242823823,1
16095,1,0.6513734083668051,1
16096,1,0.8939144534872024,1
16104,0,0.5413776606281271,1
16108,0,0.8280307143820309,1
16114,1,0.5184084877803701,1
16115,1,0.17226242490991553,0
16116,0,0.5154534927073346,1
16118,1,0.6795100931308731,1
16122,0,0.8476258384851304,1
16125,1,0.8196138746367889,1
16127,0,0.9163996995601127,1
16128,0,0.180850255790702,0
16130,0,0.8550204220733972,1
16134,0,0.7028288472420311,1
16135,1,0.5300099651537659,1
16136,0,0.5343586424218032,1
16139,1,0.1499827226884613,0
16140,1,0.9683040528184943,1
16141,1,0.7195851830357685,1
16143,1,0.504712494220588,1
16146,0,0.9147377282854233,1
16147,0,0.5371512713268893,1
16150,1,0.4605405480115908,0
16151,1,0.6144909594008671,1
16152,0,0.3956518105622097,0
16155,0,0.9268658589353496,1
16156,1,0.5657597706006842,1
16159,0,0.7678247561679693,1
16161,0,0.9056137964703141,1
16162,0,0.04557646233942446,0
16164,1,0.477688248720359,0
16167,1,0.09675014798441886,0
16170,0,0.9350787510126791,1
16173,0,0.7581334473627981,1
16174,1,0.70261541560572,1
16181,0,0.11142007559010564,0
16182,1,0.8167434796967361,1
16184,1,0.8159220207904483,1
16186,0,0.008093293480969843,0
16187,1,0.9150588867322883,1
16190,1,0.6104926775373879,1
16192,1,0.63697158085015,1
16194,0,0.7401867962334272,1
16195,0,0.4430685355555377,0
16196,0,0.7614245715548201,1
16199,1,0.6063096508987281,1
16200,0,0.7455662820410333,1
16203,1,0.6234287817525904,1
16204,0,0.7142108081316995,1
16205,0,0.6113201442957165,1
16912,1,0.7450555597760056,1
16913,1,0.39709874990405253,0
16914,1,0.5089092781506376,1
16916,0,0.907284526326891,1
16918,0,0.2939008784964102,0
16919,1,0.766639151293712,1
16922,0,0.23156571128117998,0
16923,1,0.6613098888410095,1
16926,0,0.4946125976927979,0
16927,0,0.11396856920764488,0
16931,0,0.4160899804190772,0
16933,1,0.32936555417048435,0
16935,1,0.9214578275791916,1
16937,1,0.7211747270054423,1
16938,1,0.36174501771055395,0
16939,1,0.9481452915652988,1
16940,1,0.3598577728644028,0
16942,1,0.6353435990281143,1
16948,0,0.14421229463640053,0
16953,0,0.3855796505881783,0
16954,0,0.08739459440825416,0
16958,1,0.9369421925597118,1
16960,1,0.48920730845854815,0
16962,1,0.18244563897246002,0
16967,0,0.35341587913628797,0
16972,1,0.8482218143317666,1
16974,1,0.3456603469845974,0
16976,1,0.8933306858181664,1
16979,1,0.16844107330339886,0
16980,1,0.4842372222679772,0
16984,1,0.7378634633738888,1
16986,0,0.4710722356381795,0
16987,1,0.22837241223811133,0
16990,0,0.15260227854330632,0
16992,1,0.5496033586648157,1
16994,1,0.5754762764035202,1
16997,1,0.5718174568545143,1
17001,1,0.737320831458819,1
17002,1,0.558297297428185,1
17003,0,0.6082879416648846,1
17004,0,0.48604917728447067,0
17007,1,0.5485212929743867,1
17011,0,0.19699383612756544,0
17012,1,0.7938692001582548,1
17017,1,0.8424918327171403,1
17019,0,0.8272247234268908,1
17023,1,0.9078393355591509,1
17024,0,0.6282346225736841,1
17025,0,0.18232010610228078,0
17027,1,0.8815836661588748,1
17029,0,0.0685046273034168,0
17030,1,0.49343931166617677,0
17036,1,0.7577918172491921,1
17037,1,0.94415999462941,1
17039,1,0.09101802291493316,0
17040,0,0.051049731715393405,0
17042,0,0.5020610534024448,1
17048,1,0.8538219036357536,1
17051,1,0.7462805352361908,1
17054,0,0.1596326934172922,0
17055,1,0.5572009394755332,1
17058,1,0.16557894550551833,0
17059,0,0.2326298891998035,0
17062,0,0.10272567265028909,0
17065,0,0.013520222344211012,0
17068,1,0.48741725386917767,0
17069,1,0.6314654779232022,1
17070,0,0.13341399072837287,0
17071,1,0.7937614989183238,1
17073,0,0.5843894155992553,1
17075,0,0.049601177261865366,0
17076,0,0.32724004733068557,0
17079,1,0.07370486773546571,0
17080,1,0.7186029941138496,1
17081,1,0.6332514732202248,1
17083,1,0.8233508499594648,1
17085,0,0.2832677436573807,0
17086,0,0.03317227660045318,0
17097,0,0.5912628988697294,1
17098,0,0.061164170696188895,0
17612,1,0.03988074986486979,0
17613,0,0.879639183956714,1
17618,0,0.29770465595292805,0
17622,1,0.367009131088422,0
17623,0,0.781594474354049,1
17628,1,0.7107228269760514,1
17632,1,0.41261810211370087,0
17636,1,0.47376696761447523,0
17638,1,0.5033424367868016,1
17640,0,0.27323190123292856,0
17648,0,0.22730927577735702,0
17653,0,0.5443952131677845,1
17654,0,0.8027480529530384,1
17655,0,0.09651275096943829,0
17657,0,0.1294359845772543,0
17660,0,0.4645882911444123,0
17661,1,0.8644036731791659,1
17668,1,0.5557938067327441,1
17673,0,0.7334808437933487,1
17675,1,0.8834691116906439,1
17676,1,0.741581645873378,1
17677,0,0.18977439847587085,0
17681,0,0.31543945235725296,0
17682,0,0.5573268009981327,1
17687,0,0.5506922548540369,1
17698,1,0.03921787900630004,0
17712,1,0.6034941508350586,1
17715,1,0.7355456028201562,1
17716,0,0.6904940709811684,1
17718,0,0.05750530635140288,0
17723,0,0.09266620436171522,0
17729,1,0.9120477783828046,1
17730,0,0.6824184197376412,1
17731,1,0.5995430805101996,1
18519,0,0.7784797155954805,1
18521,0,0.39584921080575997,0
18523,0,0.12681817301509674,0
18524,0,0.13105672982524094,0
18525,0,0.5840574852042529,1
18526,1,0.7674803668844977,1
18530,1,0.5409371216889053,1
18531,1,0.8166307172761069,1
18532,1,0.3873630004853942,0
18539,0,0.6155701524208625,1
18541,0,0.36604013972772154,0
18543,1,0.8032013457419481,1
18544,0,0.47765313316535013,0
18546,1,0.7655624126231984,1
18547,0,0.7257076973503694,1
18549,0,0.4275687117241366,0
18550,1,0.20680140059912863,0
18552,0,0.5954455401264226,1
18554,1,0.5714755331910476,1
18555,1,0.14266753438416188,0
18557,0,0.7986501738786392,1
18558,0,0.9573330559745273,1
18559,1,0.6623538996406567,1
18560,0,0.45192153516607797,0
18562,1,0.7271979254627723,1
18569,0,0.7127771815463388,1
18570,1,0.9276889343578397,1
18571,0,0.42926759764784683,0
18572,1,0.6106454276844681,1
18575,1,0.29276976485462936,0
18577,1,0.039611591060931546,0
18580,0,0.8736573748888524,1
18583,1,0.9119153516519835,1
18584,1,0.9661731151828848,1
18585,0,0.6332422407549304,1
18856,1,0.6416503940500646,1
18858,0,0.6667340096504479,1
18860,1,0.23581506740782268,0
18861,0,0.40179160684359316,0
18863,1,0.9728860972783637,1
18865,1,0.5816008016733675,1
18867,0,0.7375230161870281,1
18870,0,0.4405393076552901,0
18874,0,0.1219945178151289,0
18883,1,0.9587485487927964,1
18886,0,0.19951971205116045,0
18887,0,0.21993625295679853,0
18888,0,0.681481733169519,1
18890,1,0.7731461995121846,1
18893,0,0.510003107889573,1
18894,1,0.07761319672049563,0
18896,1,0.9513990721075033,1
18909,1,0.6740936611220513,1
18910,1,0.7575183834673475,1
18912,1,0.33031982155893774,0
18913,0,0.193531686005602,0
18917,0,0.37661549792964194,0
18919,0,0.42114654278854013,0
18920,1,0.6991727315877949,1
18921,1,0.8523702581048098,1
18922,0,0.5581050580862806,1
18923,0,0.6372469294119317,1
18924,1,0.6155478338625036,1
18925,0,0.1534403992225053,0
18928,1,0.26058124540307503,0
18930,0,0.03238190514922907,0
19295,1,0.954106836777024,1
19297,1,0.9933206439361577,1
19298,0,0.8193093913635878,1
19299,0,0.24418104046427125,0
19301,1,0.14091289524341374,0
19302,1,0.7991605721138056,1
19307,0,0.8530963482978091,1
19308,0,0.1828350550552913,0
19309,1,0.9625694731752491,1
19310,1,0.6617846841053409,1
19313,1,0.8964159566541505,1
19316,0,0.9763508983909274,1
19319,1,0.5338858136581609,1
19321,0,0.2251120037856774,0
19322,1,0.7582007341542387,1
19323,1,0.6188424628802077,1
19324,1,0.9643336554511466,1
19326,0,0.18615025932333265,0
19328,1,0.5970475445246876,1
19329,0,0.765209787168923,1
19333,0,0.13026412476717086,0
19337,0,0.9535759647667807,1
19338,0,0.25773919227130004,0
19344,1,0.37630464943139436,0
19346,0,0.15717958137610236,0
19352,1,0.991066750940945,1
19355,0,0.20702220996972007,0
19356,0,0.28324252391691346,0
19358,0,0.3688661231337631,0
19368,0,0.27837695736676443,0
19370,1,0.8839665847331318,1
19372,1,0.6988626180358819,1
19373,1,0.5780245040494573,1
19375,0,0.3112805494676465,0
19377,0,0.17987761906783675,0
19379,0,0.06943540411143163,0
19381,0,0.3432726231807234,0
19384,0,0.5229741512868896,1
19386,0,0.2201532668683486,0
19392,1,0.7345077145271772,1
19395,0,0.9733689472154322,1
19903,1,0.9323020003746217,1
19906,1,0.5692893606171587,1
19907,0,0.6867556959025083,1
19908,1,0.6590002025464025,1
19913,0,0.25006535849631245,0
19916,1,0.39839466381684346,0
19920,0,0.4595362129431378,0
19924,1,0.2763680343344965,0
19928,0,0.194985926578673,0
19934,1,0.8720018589198524,1
19935,1,0.9659630750530478,1
19937,0,0.11908159912149374,0
19944,0,0.03196287442699811,0
19946,1,0.09790124101921063,0
19949,0,0.10667472318563913,0
19950,0,0.37239508575046487,0
19952,0,0.5782529322233766,1
19953,0,0.2964218297004436,0
19955,1,0.08286917641257655,0
19960,0,0.2217344013110367,0
19961,0,0.2730102977890812,0
19963,0,0.44310755729756074,0
19965,1,0.8806402205604812,1
19966,0,0.6961848481319928,1
19967,0,0.10833186138050746,0
19968,1,0.4547365791772421,0
19969,0,0.39686862928352956,0
19970,0,0.7027240278365968,1
19974,1,0.5573419131497169,1
19978,0,0.18526114389143442,0
19980,1,0.753871126814535,1
19981,0,0.3322487828569299,0
19982,0,0.6300292321854788,1
19985,1,0.2989046155440163,0
19986,1,0.5487547246557555,1
19988,0,0.133506441700152,0
19991,1,0.042734687226870106,0
19992,0,0.22571556364198045,0
19993,1,0.7237590633239154,1
19996,1,0.6014208256044313,1
19998,1,0.7480893626569496,1
19999,1,0.8641692662326398,1
20009,1,0.9006195219948471,1
20012,1,0.9495348328416977,1
20014,1,0.2249076158335737,0
20019,1,0.6600392241473441,1
20022,1,0.5592769752065874,1
20023,1,0.5179173712866805,1
20024,0,0.3860229385435451,0
20027,1,0.9222062867148811,1
20028,1,0.7573194270332083,1
20030,0,0.4127901633546863,0
20042,0,0.6207638623029813,1
20045,1,0.9426362980992239,1
20048,1,0.9300473034682438,1
23636,0,0.20236934290244527,0
23644,0,0.5813442379148033,1
23645,0,0.10663584868864945,0
23646,0,0.7507936841766182,1
23649,0,0.3135878106190973,0
23650,1,0.8302602730439104,1
23655,1,0.8638145029577057,1
23656,0,0.08509045040256608,0
23658,1,0.8463913152156955,1
23659,0,0.04041220368307126,0
23662,1,0.9245129473562036,1
23665,1,0.3195923842516457,0
23666,0,0.17683633866623663,0
23668,0,0.19312857234423725,0
23673,1,0.44956249650035945,0
23677,1,0.2517146313420628,0
23678,1,0.4842630148112501,0
23680,0,0.03365307947416876,0
23682,0,0.27091995792089224,0
23684,0,0.7728623228649661,1
23686,0,0.13979306968375663,0
23689,1,0.25537620156404073,0
23690,1,0.9399996045023551,1
23692,0,0.2832164480260858,0
23696,0,0.48622981032745294,0
23697,1,0.6072005446493208,1
23699,0,0.1515440699832434,0
23701,1,0.398751824893562,0
23702,0,0.6940432439335408,1
23706,0,0.04315010806492884,0
23707,1,0.5532949508375689,1
23710,0,0.4234106840495772,0
23712,1,0.8160496607431228,1
23726,0,0.5971422241888235,1
23728,0,0.30410955517554106,0
23736,1,0.8338366123352544,1
23737,1,0.8455202063483096,1
23738,0,0.1393619847972009,0
23739,0,0.3615868468225,0
23740,1,0.3968063303432874,0
23747,1,0.6766480239729163,1
23760,0,0.04127166755804864,0
23764,1,0.6464996996143493,1
23768,1,0.8858827623465969,1
23771,1,0.5579084136085458,1
23773,0,0.8357317699345486,1
23775,0,0.8977106897058903,1
23776,1,0.30048093838354073,0
23784,1,0.4787355845598495,0
23786,0,0.42661499404594616,0
23788,1,0.32287084467578475,0
23790,0,0.16798882334919515,0
23792,1,0.4224314561826187,0
23793,0,0.13148295673473953,0
23794,0,0.7434997704154995,1
23796,1,0.7235176456085732,1
23800,1,0.3736827584670474,0
23801,1,0.8798148314143679,1
23809,1,0.408608136670698,0
23811,1,0.9660096630998863,1
23816,0,0.3127610469612243,0
23820,0,0.05976951344293599,0
23826,0,0.5474054898392322,1
23827,1,0.4026157393299049,0
23831,1,0.6040740094874547,1
23833,0,0.06783523860110782,0
23834,0,0.01770588097665042,0
23836,1,0.43007095237726556,0
23839,0,0.7147646008352062,1
23841,1,0.5764439146620509,1
23843,1,0.5591700203609427,1
23844,0,0.09595731786249877,0
23847,0,0.10726163764437861,0
23850,0,0.2687220517354604,0
23851,0,0.22766931501815396,0
23856,0,0.5595775685086727,1
23860,0,0.3734721457569398,0
23864,1,0.32285441858699737,0
23868,0,0.18028253266624028,0
23870,0,0.4232788219811783,0
23871,0,0.06916918503086285,0
23874,1,0.767050140384214,1
23875,1,0.6740844005215159,1
23877,0,0.14648332083068552,0
23882,0,0.39037967024907877,0
23886,1,0.9812306016447302,1
23887,1,0.549425709558506,1
23890,1,0.3522599704611145,0
23891,1,0.1621771214605853,0
23894,1,0.9301863361242789,1
23896,1,0.6246529277807197,1
23899,1,0.5366998221965689,1
23902,0,0.4064689073618752,0
23904,1,0.22931527835273882,0
23905,1,0.5002498548657865,1
23908,0,0.08257131075021297,0
23910,1,0.8740334504409962,1
23912,1,0.7951624574079825,1
23913,1,0.6137237669170735,1
23914,0,0.6412362714641223,1
23920,0,0.20483485175378804,0
23923,1,0.8739605325917894,1
23926,1,0.5967668044700838,1
23927,0,0.2939364015184447,0
23940,1,0.5513940624978593,1
23941,0,0.7498529784483201,1
23949,0,0.32822537666974594,0
23950,1,0.5023799155302863,1
23954,0,0.24512484552466696,0
23958,1,0.720897410928715,1
23964,1,0.8575054526993435,1
23966,0,0.46652217298592324,0
23968,1,0.9015010798281863,1
23971,1,0.7258473964219108,1
23978,0,0.1858556495389817,0
23979,1,0.8460070218834626,1
23980,1,0.3281324486743108,0
23988,0,0.4290592891359471,0
23990,0,0.03886666003726501,0
23991,1,0.9270087743258162,1
23992,1,0.6749887800507609,1
23994,1,0.6250435023937843,1
23996,1,0.867578998199424,1
23997,0,0.4135633691120369,0
24002,0,0.147152509087936,0
24007,0,0.23427378999044235,0
24009,0,0.5406305216687122,1
24012,1,0.21498210420653116,0
24013,0,0.14139180773835217,0
24016,0,0.42174392096834584,0
24023,1,0.29913021635184694,0
24030,0,0.6192739087922249,1
24031,0,0.09854165153000206,0
24032,1,0.8072129887298198,1
24034,1,0.32189667487677076,0
24040,0,0.08846299938143118,0
24041,0,0.6499278270000584,1
24050,0,0.10699288345142705,0
24051,0,0.3220975467451107,0
24059,0,0.073512917162018,0
24061,1,0.28643234652857424,0
24062,1,0.7022296477608011,1
24063,0,0.07020570531739918,0
24064,0,0.3467367522871683,0
24066,0,0.5138698022791781,1
24067,0,0.2117200940043536,0
24078,0,0.2280824281226864,0
24084,0,0.15712315963571832,0
24085,1,0.9655496201570779,1
24086,0,0.9160831469851712,1
24087,1,0.9181470860006224,1
24090,0,0.6480619838140976,1
24093,0,0.20496161387550935,0
24094,1,0.7767735984582099,1
24095,1,0.6119007926190112,1
24099,1,0.748861169947056,1
24100,0,0.7310689028144993,1
24106,0,0.48120241887056264,0
24113,0,0.4331492929908469,0
24114,1,0.24098977800254184,0
24117,0,0.34904067104003184,0
24121,0,0.7139934172686544,1
24122,0,0.3676754697938247,0
24123,1,0.3141386330583939,0
24126,0,0.9524924271106807,1
24129,1,0.128940410427415,0
24138,0,0.12732139167110418,0
24142,1,0.3072367071608251,0
24146,0,0.2735248335666634,0
24148,1,0.34201641809436195,0
24149,0,0.20473144422969927,0
24151,1,0.8643782719434012,1
24153,0,0.19285533719685385,0
24156,1,0.6630837151364692,1
24159,1,0.9347773890622234,1
24161,0,0.48617103077697094,0
24165,1,0.9279856475626247,1
24168,0,0.09569581001159333,0
24182,1,0.7613772769752983,1
24184,0,0.5018896772346861,1
24185,1,0.5810885386577784,1
24186,0,0.38644011762683367,0
24191,1,0.30973580476072465,0
24193,0,0.021626841780681524,0
24195,0,0.11028152045901808,0
24196,0,0.22854524412396499,0
24198,1,0.8207642181006891,1
24199,0,0.40688199434118166,0
24200,0,0.5566185412614981,1
24204,1,0.4589668268977151,0
24207,0,0.3821799723440707,0
24208,1,0.7133213113850474,1
24209,1,0.6568504471142312,1
24212,0,0.09211723939303747,0
24213,0,0.15523054237900277,0
24215,0,0.5220982622983047,1
24219,1,0.3023144628867697,0
24232,0,0.11643796381161588,0
24233,1,0.508255966336157,1
24238,1,0.5033714964375945,1
24242,1,0.5022631889332819,1
24243,0,0.3433997943950576,0
24249,0,0.24472931778496218,0
24252,1,0.5839523271947871,1
24254,1,0.4251601557171051,0
24256,1,0.9682822983551357,1
24257,1,0.2832248115892769,0
24264,0,0.1316385051500871,0
24265,1,0.9796659860251699,1
24267,0,0.0860592128471039,0
24274,0,0.45988914069030923,0
24275,0,0.09376611214827531,0
24281,0,0.22234440596365213,0
24288,0,0.7005818614681429,1
24291,1,0.5270498279252405,1
24299,0,0.0902788680106197,0
24301,0,0.18542178377698898,0
24304,1,0.34469946511582067,0
24306,1,0.21739484877987958,0
24316,1,0.9454938127179875,1
24320,0,0.4090997772772628,0
24321,1,0.3739353621783508,0
24324,0,0.23638263095420217,0
24338,1,0.8897599824718005,1
24340,0,0.08988176736089871,0
24341,1,0.765930162271657,1
24346,0,0.21236071197959722,0
24350,1,0.8328162001196866,1
24354,1,0.4235106025171058,0
24356,1,0.2390923296153907,0
24357,1,0.6642619741361141,1
24359,1,0.9567417318191954,1
24360,0,0.532433994353863,1
24361,1,0.8479124565172047,1
24362,0,0.19499283538589612,0
24366,1,0.4049043291576967,0
24368,1,0.015085832301696555,0
24375,0,0.2583545975296438,0
24376,1,0.6753925257733192,1
24378,1,0.5623112460418149,1
24379,0,0.26409676703169693,0
24381,0,0.8310549312796479,1
24384,0,0.11372310385451503,0
24386,1,0.849950851328929,1
24387,0,0.4696925753044051,0
24392,0,0.9190469145775306,1
24395,0,0.7867549171244492,1
24399,1,0.8641243798539455,1
24403,1,0.5940456716734589,1
24405,0,0.6125883782332593,1
24410,0,0.39772008652862356,0
24417,1,0.714991476009209,1
24420,0,0.44547118261416335,0
24422,1,0.8056911194849913,1
24424,1,0.9612668425407713,1
24430,0,0.13432369416366186,0
24432,0,0.7941476906934972,1
24434,0,0.07668591594350935,0
24435,0,0.4570867138888839,0
24439,0,0.648300978656586,1
24447,0,0.16334266890740715,0
24448,1,0.4865481459833107,0
24449,0,0.06067752467929312,0
24454,1,0.48775995916299425,0
24459,1,0.9040870013925696,1
24460,0,0.09492959436645307,0
24461,0,0.11085808026229371,0
24462,0,0.1323232194258025,0
24463,1,0.8301722958315731,1
24469,0,0.1321454550313049,0
24470,0,0.08550296097571441,0
24471,0,0.07284232406311734,0
24475,1,0.32629149520519357,0
24477,1,0.641223346714687,1
24480,1,0.7270778848273574,1
24487,1,0.7502927178461667,1
24493,0,0.41045563510843663,0
24494,0,0.3338406194090983,0
24496,1,0.644092317348754,1
24502,0,0.23642040001268494,0
24503,0,0.5968185929194659,1
24504,0,0.4173900786217687,0
24506,1,0.6664805426186132,1
24510,0,0.13183914270961575,0
24511,1,0.76801273388758,1
24513,1,0.6158033173438444,1
24514,1,0.9305354111363077,1
24515,1,0.7645298462116048,1
24518,0,0.9691120764438442,1
24519,1,0.34562910405524044,0
24521,1,0.768559543544545,1
24523,1,0.8127760830376428,1
24525,1,0.9739802885556182,1
24527,1,0.6770832083487236,1
24528,0,0.6515512358460035,1
24537,1,0.5555028766194379,1
24538,0,0.4120508944236085,0
24540,1,0.6918017346480648,1
24542,0,0.09474599855339377,0
24545,0,0.29359956805459153,0
24547,1,0.8794095642524555,1
24548,1,0.1675343949300746,0
24550,1,0.79555723364164,1
24553,0,0.6781001670340328,1
24558,0,0.8029511746576536,1
24562,1,0.8678865685472548,1
24563,1,0.9355413667802625,1
24564,1,0.8608640868055498,1
24570,0,0.3837120940260311,0
24572,0,0.2218831676349921,0
24574,0,0.25158424635119986,0
24575,1,0.7526754409847125,1
24576,0,0.447963036155599,0
24578,0,0.317530366070068,0
24580,1,0.8194948009612669,1
24589,0,0.35590391881082845,0
24590,0,0.3822028405641316,0
24592,1,0.7554849868208866,1
24593,1,0.5410554048712549,1
24594,1,0.519475594806889,1
24596,0,0.18085852213940715,0
24597,1,0.881613627035631,1
24601,0,0.25943125528476313,0
24602,1,0.9667539628990837,1
24603,1,0.8353241171048678,1
24604,0,0.3135715652719579,0
24609,0,0.269329686951781,0
24612,0,0.08450349378529746,0
24616,0,0.3859682697819493,0
24617,0,0.3551123322582988,0
24620,1,0.7260980130806063,1
24621,1,0.7289787288509485,1
24624,1,0.9759710006466705,1
24625,1,0.3930881965414654,0
24627,1,0.9279712459097875,1
24635,1,0.6820718597487022,1
24636,1,0.37513537750637443,0
24640,1,0.7457721981715956,1
24641,0,0.48976288797969775,0
24644,0,0.36525113430974315,0
24649,1,0.8171916698185216,1
24650,0,0.5360389301221862,1
24654,1,0.857533418918147,1
24662,1,0.8919737888356549,1
24677,0,0.04937369406561725,0
24679,1,0.3137198935683048,0
24682,0,0.12517021308747808,0
24683,1,0.6301414813597815,1
24687,1,0.7553981577400908,1
24693,0,0.09935495687787457,0
24696,1,0.9446214072555408,1
24699,1,0.9228948457882227,1
24700,1,0.6036934728152199,1
24701,0,0.6723629569222797,1
24705,0,0.11102144804775918,0
24706,0,0.10837970994448388,0
24709,0,0.8528032199830704,1
24713,0,0.0661335596254846,0
24718,1,0.8885846564246774,1
24721,0,0.07698985155972424,0
24724,0,0.042753917054219506,0
24730,0,0.06070618881646341,0
24731,1,0.5490608431729513,1
24734,0,0.15812298321332774,0
24735,0,0.04720940551962203,0
24736,0,0.41971086520737233,0
24739,1,0.7927996584006307,1
24740,0,0.04189624716306576,0
24741,0,0.6751325054765367,1
24743,0,0.20330254438867806,0
24745,1,0.9455332861214162,1
24747,1,0.8803152317003519,1
24749,0,0.17703391025727291,0
24753,0,0.22508582885546588,0
24756,1,0.37593450771464054,0
24763,1,0.8081879281935579,1
24765,1,0.596779128675646,1
24768,1,0.7509188296876333,1
24771,0,0.14640946500905402,0
24773,1,0.797038909155825,1
24774,1,0.8850318743036921,1
24776,0,0.09005398574281644,0
24782,1,0.8904841888754088,1
24784,0,0.052070096975975005,0
24788,1,0.8125367699699457,1
24794,0,0.6420859488283371,1
24796,0,0.132002954004388,0
24801,0,0.22093299858735377,0
24807,1,0.9688804987556474,1
24808,0,0.027064690116181882,0
24810,1,0.8785695366180923,1
24815,1,0.8760874765616056,1
24818,0,0.32118739999139057,0
24820,0,0.41582299897675856,0
24822,1,0.06572727284570389,0
24824,1,0.9771431446141094,1
24825,1,0.475971498870614,0
24826,0,0.19395469973012003,0
24837,1,0.7487003066882717,1
24838,0,0.038087310596817,0
24843,1,0.5385852097182067,1
24848,1,0.01635619892034348,0
24849,1,0.9717608859932597,1
24851,1,0.2828466647913488,0
24852,1,0.4281433447151672,0
24869,0,0.15839252554486605,0
24882,0,0.5251494739624446,1
24883,1,0.7419000981447402,1
24884,1,0.8355592797279546,1
24885,1,0.9009655659679631,1
24886,1,0.7116833465948522,1
24887,0,0.6330355301724516,1
24892,1,0.7251153030108273,1
24897,1,0.9492164302543903,1
24899,0,0.35714308325137095,0
24902,0,0.46392019051254096,0
24905,1,0.8508537541056878,1
24906,1,0.8636534354402017,1
24920,0,0.24911628808089475,0
24921,0,0.3793317873826056,0
24922,0,0.3545938778076285,0
24926,0,0.02824657130211231,0
24927,1,0.6153697030419957,1
24931,0,0.44110733503378385,0
24933,0,0.12080139109840858,0
24936,1,0.5331808123706092,1
24939,1,0.5326233135490333,1
24946,0,0.8530378802067338,1
24947,0,0.4524275239348372,0
24948,1,0.8801932170104899,1
24951,0,0.32523285177834865,0
24952,0,0.33042898940293397,0
24953,1,0.8041965621129906,1
24955,0,0.9603595731667864,1
24958,1,0.7238597506761962,1
24960,1,0.8013665993388281,1
24961,0,0.29274158825793833,0
24967,1,0.851187881898014,1
24968,0,0.22847219939885902,0
24970,1,0.7662553017333379,1
24971,0,0.8542454936041418,1
24973,0,0.6005266935607283,1
24974,1,0.7635630791926014,1
24976,1,0.6715578432544873,1
24978,1,0.37523975885785776,0
24980,1,0.5699473252713074,1
24982,0,0.34659953240852737,0
24984,1,0.6238214506620782,1
24986,0,0.1394460859216153,0
24989,1,0.14391112353254923,0
24996,1,0.34727731822044555,0
25000,0,0.538916214537126,1
25001,0,0.22915075308383,0
25015,0,0.6037640155412709,1
25019,1,0.42935860724849617,0
25020,0,0.20635088967918325,0
25021,0,0.20583948913253233,0
25022,0,0.12346081171816362,0
25030,0,0.30519006058409587,0
25031,0,0.1490399873661585,0
25033,1,0.809005759646364,1
25034,0,0.06471564754744716,0
25036,1,0.9038654756635867,1
25038,1,0.7987398313174595,1
25039,0,0.4740857547557193,0
25042,1,0.5377067700750489,1
25046,0,0.20903966365555962,0
25049,0,0.38501542907260594,0
25053,0,0.24498654923645563,0
25058,1,0.8560293104773053,1
25060,1,0.8465281575021691,1
25061,1,0.7017859908130422,1
25064,0,0.09375312555414939,0
25066,0,0.2916603389579026,0
25067,1,0.9177101699003264,1
25068,0,0.14328031130419266,0
25071,0,0.08768756700255537,0
25073,0,0.6607072582354838,1
25075,1,0.6597940400047038,1
25077,0,0.25923284385206674,0
25078,0,0.7099054540305896,1
25086,0,0.5172107155931839,1
25088,1,0.924934263829185,1
25093,1,0.5618194252722821,1
25094,0,0.008644856763190918,0
25095,1,0.4906793942729445,0
25098,0,0.6618629835805379,1
25101,0,0.5192833370822207,1
25102,1,0.7536340867888337,1
25105,0,0.2587274803521457,0
25109,1,0.805964717885101,1
25110,0,0.22905981778623988,0
25113,1,0.8515877201999094,1
25114,1,0.6133715206104595,1
25117,0,0.542891133198369,1
25119,1,0.4848909990511606,0
25122,0,0.11519390719966092,0
25129,1,0.9266608714347593,1
25132,0,0.8863652266563421,1
25134,1,0.6978430930583512,1
25136,0,0.5824869785360213,1
25137,1,0.5118342508343338,1
25138,0,0.40038157653432277,0
25144,0,0.2306909662355869,0
25145,1,0.7208184104169791,1
25151,1,0.719312981031139,1
25157,0,0.7118688309534227,1
25158,0,0.5996773349132339,1
25159,1,0.20504240778265945,0
25160,1,0.7888609848926144,1
25173,1,0.9553417991846264,1
25174,0,0.23552365290558663,0
25175,0,0.8722213039617748,1
25176,0,0.053496130164010086,0
25178,0,0.2811444209825623,0
25179,1,0.6660291790180611,1
25180,1,0.8987699917746552,1
25182,1,0.7860772010213333,1
25183,0,0.9987659223399169,1
25185,0,0.1687512749276097,0
25188,1,0.5648158440204933,1
25190,1,0.421194589783493,0
25200,0,0.05868963951639729,0
25201,0,0.027377079278341574,0
25206,0,0.08592542935624084,0
25209,0,0.03454699095829903,0
25212,1,0.28740465529876813,0
25214,0,0.5051376026118359,1
25218,0,0.13384757308678852,0
25221,0,0.12035847556780643,0
25222,1,0.7935509511363622,1
25225,0,0.7539989209207169,1
25228,0,0.2554221193956773,0
25238,1,0.750530732965802,1
25239,1,0.922262515505122,1
25241,1,0.9210696973312892,1
25242,0,0.6284897374015553,1
25246,1,0.7643296486287146,1
25249,0,0.5520607151262208,1
25250,0,0.30127983053111873,0
25253,0,0.2396548104744912,0
25254,0,0.16974387177156333,0
25264,0,0.44816070215606757,0
25270,1,0.8733942825561242,1
25271,1,0.9049989953833663,1
25275,0,0.27809770163576586,0
25278,0,0.05458642283245396,0
25280,0,0.35119532776576184,0
25281,1,0.302424318697663,0
25282,0,0.32449473307062765,0
25294,0,0.20225006361915387,0
25298,0,0.10989681868066616,0
25300,1,0.48149422949009524,0
25308,0,0.4527765550200442,0
25310,1,0.7901638865227195,1
25312,0,0.9079682721366907,1
25313,1,0.9562684791510332,1
25320,0,0.2983258462000878,0
25324,0,0.08752967257234895,0
25326,0,0.6102924938905281,1
25329,1,0.562908617403319,1
25331,1,0.17770145807020257,0
25333,0,0.7829179030223606,1
25337,1,0.9814554727970867,1
25339,1,0.4566124417466917,0
25342,1,0.6849035285299147,1
25345,0,0.1359233246385948,0
25349,1,0.6316106641768928,1
25350,0,0.5487278164975634,1
25352,0,0.3919342134224166,0
25353,0,0.12473684762371669,0
25355,0,0.7501902686893577,1
25356,0,0.2454080653749352,0
25361,0,0.539281031495218,1
25362,1,0.38240901446126185,0
25364,1,0.8550587740870039,1
25368,0,0.11018571675034211,0
25369,0,0.4003327313623456,0
25371,0,0.2554617377424787,0
25373,1,0.9398132617047099,1
25374,1,0.5766951517154009,1
25375,1,0.6178474489349574,1
25377,1,0.6506058647763823,1
25380,1,0.5043220001543357,1
25383,0,0.11506101205244174,0
25387,0,0.13505711694084113,0
25389,0,0.0769232144315131,0
25392,1,0.5897877426659386,1
25398,0,0.13919363000434357,0
25401,1,0.6829936870979504,1
25402,0,0.09586547617977492,0
25405,1,0.3426655412646029,0
25407,0,0.35591154616005305,0
25410,1,0.965883654667299,1
25413,0,0.8165761879168714,1
25418,0,0.3009775507608228,0
25420,0,0.03251365685657678,0
25426,1,0.42358153283323935,0
25427,1,0.3215943202876256,0
25429,0,0.2763737932804875,0
25432,1,0.9780084742316265,1
25433,0,0.03310803714528661,0
25438,0,0.09499445649059084,0
25440,1,0.7901835210446477,1
25442,0,0.31571246110982365,0
25443,1,0.23264149017518349,0
25446,1,0.6223576161096345,1
25453,0,0.62161695040324,1
25459,1,0.8361898778038056,1
25462,0,0.40943960275554625,0
25463,0,0.49550481575857347,0
25464,0,0.5632854823867158,1
25465,1,0.6771548246276237,1
25473,0,0.35327694493688866,0
25474,1,0.7470070120129775,1
25477,0,0.5923171940921154,1
25478,1,0.7653727626648383,1
25482,0,0.3957519376726505,0
25483,0,0.4848656313879107,0
25484,0,0.2918032659166516,0
25485,0,0.3926733234788323,0
25486,1,0.8698229608903478,1
25488,1,0.3040118510617426,0
25490,0,0.3549252337794156,0
25492,0,0.12239493508415752,0
25493,0,0.08220979229442842,0
25499,1,0.9576353122217713,1
25503,0,0.2425529204384191,0
25504,1,0.5532208147446309,1
25505,0,0.8422036061017583,1
25511,0,0.16188305034971395,0
25512,0,0.14543149230640703,0
25514,0,0.03286476574317324,0
25516,1,0.621833980318338,1
25519,1,0.9116689711619902,1
25522,1,0.857359815272458,1
25523,1,0.6831345475765738,1
25526,1,0.9822948089278669,1
25529,1,0.9000417027487582,1
25543,1,0.9557358569045685,1
25545,0,0.10748558153879752,0
25548,0,0.35411630330578087,0
25554,0,0.4597260836868137,0
25557,1,0.8503968440654798,1
25561,1,0.9306943953869233,1
25562,0,0.42584151757862193,0
25565,0,0.12602921305329715,0
25567,0,0.29589261953984747,0
25569,0,0.30086440297368067,0
25571,1,0.8427554336964325,1
25572,0,0.3185263393384787,0
25573,1,0.8849995339507576,1
25576,0,0.15903482524767784,0
25581,0,0.24955292423667422,0
25585,1,0.842714106665192,1
25597,1,0.9058845470281088,1
25602,0,0.8451817603869326,1
25603,0,0.6510067300016968,1
25605,1,0.2332341625433293,0
25606,0,0.14736791688603107,0
25607,0,0.154136926915851,0
25609,0,0.48401110781570106,0
25611,1,0.8427325933168018,1
25614,0,0.20462771523334589,0
25615,0,0.4860586642117623,0
25616,0,0.6839864050950034,1
25617,0,0.12525632633022268,0
25620,0,0.3638953680351824,0
25624,1,0.6572587488076869,1
25629,0,0.700923238776696,1
25631,0,0.04087118251886126,0
25632,1,0.7653313300279724,1
25634,0,0.10114906814232587,0
25641,0,0.18763936805380524,0
25651,1,0.7921817028570145,1
25654,1,0.9640265715066414,1
25660,1,0.7036777050736074,1
25665,1,0.6287897162333014,1
25667,0,0.8343500059247559,1
25672,0,0.2923328974612629,0
25675,0,0.6252317196230613,1
25676,1,0.910719175527737,1
25679,0,0.3128667209933935,0
25682,0,0.5381940071065433,1
25690,1,0.5220018473773312,1
25691,1,0.507742083971081,1
25693,1,0.8602750010097892,1
25696,1,0.5824355825834451,1
25697,0,0.06222166174734497,0
25698,1,0.12877718028400012,0
25699,0,0.8099917071722109,1
25702,0,0.1779140410084771,0
25705,0,0.10000059256931806,0
25707,0,0.7170654791317477,1
25708,1,0.38041249820904544,0
25711,0,0.46868678907316036,0
25713,1,0.2861137795378764,0
25714,1,0.279743336652775,0
25716,1,0.16459986742809776,0
25717,0,0.4450627271926135,0
25719,0,0.31677844114033893,0
25721,1,0.4234508721171709,0
25724,1,0.40008005509290256,0
25725,1,0.3266554706492123,0
25726,0,0.3060575012696324,0
25727,0,0.6304852617614658,1
25731,0,0.0743131358477175,0
25734,0,0.46512798552897344,0
25735,1,0.4896019593974452,0
25737,0,0.033859353935126464,0
25748,1,0.5394423382967801,1
25751,1,0.5593650102101756,1
25752,1,0.6082609442806042,1
25761,0,0.07759876564834783,0
25763,0,0.0480621252241414,0
25766,0,0.25415450094495534,0
25768,0,0.4217918336422029,0
25769,1,0.7868697445054639,1
25772,0,0.5373554761474775,1
25773,0,0.4296109384179067,0
25775,0,0.022747689459581104,0
25776,0,0.15956007433234337,0
25778,0,0.3436524665458534,0
25780,0,0.2697710627651227,0
25784,1,0.6612297293345453,1
25787,1,0.8064826549666162,1
25795,0,0.04179377806655131,0
25796,0,0.0777869904157237,0
25801,0,0.10371431715424406,0
25803,0,0.3214905167094755,0
25805,1,0.5083501301893744,1
25809,0,0.01662694316417731,0
25810,1,0.6551277790596169,1
25811,1,0.7934449807963807,1
25812,0,0.30662436763900836,0
25817,1,0.35914908321207417,0
25820,0,0.055797173647598966,0
25821,0,0.7913633301973222,1
25823,1,0.6336255195840286,1
25825,0,0.32081441990821713,0
25827,0,0.04864832595647564,0
25829,0,0.6317758569395495,1
25830,0,0.2160367993575811,0
25831,0,0.6367161324060926,1
25832,1,0.7159728555373285,1
25833,1,0.9154075750690751,1
25834,0,0.10457889079656656,0
25842,1,0.2692282988386686,0
25846,0,0.5415801870478971,1
25847,1,0.9242084571066685,1
25855,1,0.9098697201882868,1
25856,1,0.7379390172009962,1
25858,0,0.5843867296501943,1
25859,1,0.6011369133753808,1
25862,1,0.8647080765132068,1
25867,1,0.5348139858582419,1
25868,0,0.24199404055786258,0
25872,0,0.2200588144126298,0
25873,1,0.9156424380666621,1
25876,1,0.8421489066664104,1
25878,1,0.2616306534564505,0
25883,1,0.9959306657989183,1
25884,0,0.39509480934039004,0
25886,0,0.19855215075831836,0
25890,0,0.2439355925062501,0
25892,0,0.0664061420916399,0
25893,0,0.43466956266762896,0
25895,0,0.06279952880680117,0
25898,1,0.9014703537034716,1
25902,0,0.8852909967833407,1
25903,1,0.20395362182868887,0
25907,1,0.8463617258803047,1
25908,1,0.6051778534642449,1
25913,0,0.11765147263056114,0
25914,0,0.4096633655951016,0
25920,1,0.7960990717543694,1
25932,0,0.37258989141998244,0
25934,1,0.9105874065012082,1
25935,0,0.3889710482802861,0
25937,0,0.6047601128398696,1
25939,1,0.9757672244137859,1
25942,0,0.20634966444354166,0
25944,1,0.7395489213333415,1
25949,1,0.9320751690888016,1
25952,1,0.7110065163793927,1
25954,1,0.8581326456877393,1
25964,1,0.6948604934470195,1
25966,0,0.5901283624714341,1
25968,1,0.6255727744828566,1
25975,0,0.33690086784959133,0
25976,0,0.4687735953759762,0
25981,1,0.9075694722997603,1
25983,0,0.0684079432023459,0
25984,0,0.06663168154475445,0
25987,0,0.08648177731116753,0
25993,0,0.20730821086492301,0
25995,0,0.0987889179961241,0
25996,0,0.1198503716764292,0
26000,0,0.5944010615142612,1
26003,1,0.3556046045038528,0
26005,0,0.3014566770628864,0
26008,1,0.696000464203639,1
26011,1,0.8399704004802754,1
26013,1,0.10424226047232847,0
26017,0,0.17740703383814047,0
26018,0,0.4131203851936264,0
26023,0,0.01630578575175471,0
26024,1,0.10092259116015277,0
26025,1,0.8430328451513743,1
26026,1,0.4413772568563556,0
26027,1,0.7307529061927943,1
26029,1,0.887387477801153,1
26032,1,0.5116608236635805,1
26034,0,0.7511615931030724,1
26035,0,0.358500445272939,0
26036,1,0.5979089929184151,1
26043,0,0.15052886440887875,0
26044,1,0.9611560327846137,1
26047,1,0.9462534325617138,1
26048,0,0.05014043597793194,0
26049,1,0.7487277768652411,1
26052,1,0.658144949699413,1
26056,1,0.7904230208007073,1
26068,1,0.9137173384631978,1
26069,0,0.2837315191237927,0
26073,1,0.5670284577825686,1
26076,0,0.2844129323781945,0
26086,1,0.23711564676363825,0
26088,1,0.8394983758255409,1
26090,0,0.5476862347402951,1
26095,0,0.20746305001232843,0
26096,1,0.6626710668011658,1
26098,1,0.8629669997555389,1
26099,0,0.27744138663743145,0
26106,1,0.8249311131347002,1
26110,0,0.14828936323218259,0
26114,0,0.24218634656974108,0
26121,1,0.3896008858188532,0
26122,0,0.9658437834566288,1
26124,0,0.22227530927666772,0
26125,0,0.20560802000357303,0
26140,1,0.31557819372820356,0
26144,0,0.775410841949031,1
26145,1,0.4438484261082404,0
26148,0,0.10074939414438545,0
26158,1,0.8095288334207683,1
26161,0,0.34095376727265875,0
26163,1,0.18661520373337914,0
26169,0,0.7086413229066583,1
26172,0,0.10102184990783662,0
26173,0,0.3717829925864819,0
26176,0,0.03669455530450849,0
26177,1,0.84720207612972,1
26182,0,0.12481363985499935,0
26184,0,0.23549377855530898,0
26195,0,0.29301987173190397,0
26196,1,0.7762764170286777,1
26200,0,0.5625098745937037,1
26203,0,0.0923287690986272,0
26209,1,0.8819935472604314,1
26212,1,0.5360307318672941,1
26215,1,0.6315550132797365,1
27257,1,0.48444994946777264,0
27262,1,0.35301717265146454,0
27264,0,0.324374881918968,0
27265,1,0.29017458648865435,0
27267,1,0.5496855696834713,1
27268,1,0.17476337394264843,0
27270,0,0.22223638159584233,0
27272,1,0.8592251055703904,1
27273,1,0.9615721133319531,1
27274,1,0.9021207743648738,1
27278,0,0.028566924530725957,0
27281,0,0.33769912741442715,0
27283,0,0.022565412453691012,0
27286,1,0.7971210600020895,1
27290,1,0.9651994305326158,1
27291,1,0.19372675637202488,0
27292,1,0.2944205375796462,0
27295,0,0.4490905905754096,0
27296,1,0.8613995371960385,1
27297,1,0.8001996745548418,1
27298,1,0.8987957816874304,1
27302,1,0.22712099795189805,0
27303,1,0.8345913044159831,1
27304,0,0.2440073208766592,0
27305,0,0.029605788754702107,0
27311,0,0.055930482378220195,0
27315,1,0.8231251384779721,1
27316,1,0.38754711975488765,0
27317,1,0.7652125074959577,1
27319,0,0.48620320201747147,0
27320,0,0.15691098365046377,0
27321,1,0.8236406646300216,1
27323,1,0.5790998526876813,1
27324,0,0.0808437306665102,0
27325,1,0.39622922392502313,0
27327,0,0.32382352751981236,0
27329,0,0.056216601793794105,0
27330,1,0.47000160331462826,0
27332,1,0.6726625687355736,1
27334,1,0.6104908255829347,1
27335,0,0.06687796943771791,0
27338,1,0.5931106345923927,1
27340,0,0.05242742912274415,0
27341,1,0.7712352953841831,1
27342,1,0.35184159281326277,0
27349,1,0.6586280770122036,1
27351,1,0.3144846618292268,0
27353,0,0.45929661717067116,0
27354,1,0.40257560014978755,0
27358,0,0.4133757142425387,0
27360,0,0.29990327559345986,0
27361,1,0.11145070384509241,0
27363,0,0.5538821762332644,1
28461,1,0.833837502800162,1
28466,0,0.3824614453068675,0
28467,0,0.8797789223690066,1
28468,1,0.9261886551321886,1
28470,0,0.14929516752814123,0
28475,0,0.7382651116845698,1
28477,0,0.23664148535885807,0
28480,0,0.5990871617132998,1
28483,0,0.07880036290511983,0
28485,1,0.6836337931707304,1
28486,0,0.1324844398726004,0
28487,0,0.24205139720272054,0
28488,0,0.0021253639377841705,0
28490,0,0.13285471368052942,0
28491,1,0.5340971175437892,1
28492,1,0.7936413866946256,1
28497,1,0.9098280827865962,1
28502,0,0.512339690126934,1
28507,0,0.12905742293673902,0
28509,0,0.39606601759682697,0
28514,0,0.04074496682473981,0
28515,0,0.02993585426492787,0
28516,0,0.17258528798376355,0
28517,0,0.3374682299133971,0
28518,0,0.0038065446845460095,0
28520,0,0.5317748064072666,1
28521,1,0.6929884267732129,1
28522,0,0.2617822327694082,0
28523,0,0.22045190230356357,0
28526,1,0.7377786296041295,1
28527,0,0.15203990252041605,0
28535,0,0.6185400597363513,1
28538,1,0.2703317518116897,0
28540,0,0.6293645450777162,1
28546,0,0.2792591257730796,0
28550,1,0.7640745512262612,1
28551,0,0.09958441575795075,0
28552,0,0.15379508403588132,0
28553,0,0.22510010552235343,0
28554,0,0.13921869656625377,0
28555,1,0.9536278709949488,1
28557,1,0.332696731113817,0
28559,0,0.36518536014557884,0
28564,1,0.796265583874159,1
28567,1,0.9463101377175751,1
28571,0,0.34668939606320837,0
28572,1,0.6448887955007814,1
28575,0,0.14160396045940402,0
28577,1,0.8398280145293249,1
28580,0,0.2833228902165987,0
28581,0,0.8678778922937697,1
28582,0,0.06658494500648157,0
28586,1,0.8792672062587998,1
28587,0,0.42743921564213067,0
28594,1,0.4256869691192984,0
28595,1,0.9224516087243841,1
28596,0,0.1970996461480087,0
28598,1,0.2083139820046538,0
28599,1,0.9101561502823707,1
28603,1,0.63847825628166,1
28605,1,0.6818674037551938,1
28607,1,0.8847125422496964,1
28608,0,0.534626642711178,1
28611,1,0.6676940069128128,1
28613,0,0.5482649747427311,1
28614,1,0.6878716334509121,1
28618,0,0.4030781158041426,0
28619,1,0.9016376452457371,1
28621,0,0.3973175255875552,0
28622,1,0.9321940963538895,1
28623,0,0.6509452137473376,1
28624,1,0.5310306562395514,1
28625,1,0.7717732311802465,1
28626,1,0.929824075566989,1
28627,0,0.8626796918222853,1
28630,0,0.13616904782819342,0
28632,0,0.3123904721584912,0
28638,0,0.5891426454695474,1
28640,1,0.24626891922202107,0
28644,1,0.5082273223813248,1
28645,0,0.31620806426798226,0
28646,0,0.22886786751973176,0
28650,1,0.5361903543990509,1
28651,1,0.7433967853014025,1
28652,0,0.18284513961484672,0
28656,0,0.12761020291707492,0
28657,0,0.2339008810246264,0
28660,1,0.24625409717351177,0
28661,0,0.7859393685952436,1
28666,0,0.5151311871900395,1
28667,0,0.4402709498217063,0
28668,1,0.9543867112649876,1
28675,0,0.4142547462104675,0
28679,1,0.7768967905267233,1
28680,0,0.036344789161149645,0
28682,1,0.7229706462744049,1
28683,1,0.616070030113229,1
28685,1,0.48089222615746197,0
28686,1,0.8155312221281077,1
28687,0,0.2092438553838354,0
28693,1,0.8720806470438701,1
28694,0,0.7486063331161535,1
28696,0,0.10505505582086334,0
28699,1,0.5706840152173257,1
28701,0,0.6428277873181918,1
28703,0,0.34777890372372794,0
28704,1,0.6922879256396083,1
28706,0,0.04885394665481707,0
28709,1,0.25327185610996755,0
28710,1,0.35433978921661546,0
28714,1,0.5216444765622649,1
28716,0,0.7517200390557626,1
28720,1,0.09891828512783293,0
28721,1,0.4161867610907398,0
28722,1,0.5523494610695873,1
28724,0,0.471547677251991,0
28725,0,0.5441296803346521,1
28728,0,0.20475524835211292,0
28731,0,0.21749985279536518,0
29057,0,0.4750646626389477,0
29061,1,0.7040065274042628,1
29066,1,0.8785273084530629,1
29067,0,0.8503125420265577,1
29071,1,0.11373828247246101,0
29076,0,0.8919828583868697,1
29078,1,0.20916616505389524,0
29080,1,0.23007323570193003,0
29084,0,0.7695226809121177,1
29085,1,0.5487255650930852,1
29087,1,0.9643643608237549,1
29093,1,0.45750118942052387,0
29095,1,0.8075214239566353,1
29096,1,0.9139258261510986,1
29098,1,0.5908566256138823,1
29101,1,0.9149060266165793,1
29102,0,0.9410261095568181,1
29103,1,0.533414188751838,1
29104,1,0.22890759195056393,0
29106,0,0.9094077377798306,1
29108,0,0.2281919354521058,0
29111,1,0.8691681272662352,1
29112,1,0.8868528334539104,1
29117,1,0.6860883127979924,1
29118,0,0.623331966757853,1
29121,1,0.6495125704054685,1
29128,0,0.4297931587416953,0
29130,0,0.14872434029247006,0
29131,0,0.3985170949361422,0
29138,1,0.7227489186566253,1
29140,0,0.71307970970693,1
29141,1,0.7524936747124182,1
29142,0,0.2870484064403045,0
30500,0,0.7397531396376639,1
30501,0,0.7321551792018758,1
30503,1,0.9436318612504062,1
30504,1,0.14705459034759352,0
30505,0,0.41790505346475193,0
30513,1,0.8959533593555922,1
30514,1,0.7245892132538828,1
30516,0,0.20058000525644273,0
30517,0,0.6948571826190538,1
30520,1,0.9204941958827664,1
30522,0,0.3913608438455988,0
30523,1,0.5250344009919684,1
30524,1,0.898391318935459,1
30526,0,0.357314710412153,0
30527,1,0.41355864734736963,0
30528,1,0.7855989216230849,1
30536,1,0.3883981466108791,0
30537,1,0.6490238934338304,1
30539,0,0.11170362707364716,0
30541,1,0.3753776901133651,0
30543,0,0.71261773595742,1
30544,1,0.641104586022161,1
30545,0,0.5606691872168049,1
30548,0,0.7745979006434731,1
30552,0,0.04495037062182481,0
30553,1,0.7699928189660972,1
30555,1,0.405908600036839,0
30556,0,0.586659063225811,1
30558,1,0.2922096905814365,0
30560,0,0.22802132683244167,0
30561,1,0.7662195042101165,1
30562,0,0.7297763330361811,1
30566,1,0.8015751702514606,1
30571,0,0.34233387670803583,0
30574,1,0.7728038729212079,1
30578,1,0.5666511167885077,1
30581,0,0.37325834898642024,0
30584,1,0.46947728409505435,0
30588,1,0.21341882833149847,0
30589,1,0.649580648205992,1
30592,1,0.9740154598797376,1
30593,1,0.8630964940384382,1
30596,0,0.040513532215737495,0
30598,1,0.8868545612916326,1
30600,0,0.8114481205710865,1
30602,1,0.5099188028349275,1
30606,0,0.030510286305587386,0
30607,0,0.3292614177492189,0
30608,0,0.11738431500524314,0
30610,1,0.4623436901809089,0
30613,0,0.19678682561973623,0
30616,0,0.6704125610371103,1
30617,0,0.43056193829878325,0
30619,0,0.05293015286588052,0
30620,1,0.8404236352173197,1
30625,1,0.17161558441933242,0
30628,0,0.264417014182072,0
30629,0,0.5862628496861256,1
30630,1,0.9417969334383255,1
30634,0,0.17880980826894502,0
30635,1,0.436181773977869,0
30637,0,0.6882390657926839,1
30638,0,0.5824217735963494,1
30639,0,0.22364037305398815,0
30642,1,0.5841960914291574,1
30644,0,0.1265032129091596,0
30645,0,0.10557739478040983,0
30649,0,0.33452451947203793,0
30652,0,0.15260535121406954,0
30653,0,0.025851995629760864,0
30655,1,0.8983626369856244,1
30656,0,0.4218538036987848,0
30657,0,0.2502856307417807,0
30659,0,0.3967814282425143,0
30661,0,0.584449020107428,1
30662,0,0.782108117588371,1
30994,0,0.28300155079656225,0
30996,1,0.5309913208828003,1
31000,0,0.25447514445370945,0
31006,0,0.14238084777269963,0
31008,1,0.4700218562045001,0
31010,0,0.17485895550479824,0
31011,1,0.4227124251426453,0
31012,1,0.9625783012733881,1
31014,0,0.31692099883148883,0
31016,0,0.2962718532657752,0
31021,0,0.5069103842720678,1
31022,0,0.15841801532575472,0
31023,0,0.9035098535365823,1
31024,1,0.6260818998345526,1
31027,0,0.558122399188002,1
31033,0,0.04991216287030031,0
31034,1,0.9443019552296636,1
31035,0,0.12923166438825245,0
31036,0,0.24315187549820985,0
31037,1,0.44231254105272244,0
31039,0,0.26322738290506364,0
31041,0,0.07826444255601642,0
31046,0,0.5561334686794758,1
32551,0,0.22202435010899135,0
32552,0,0.09226301996291929,0
32553,1,0.3924576140882703,0
32554,1,0.9481303710968858,1
32556,1,0.3510473988490953,0
32557,1,0.9224892123169744,1
32558,0,0.7199520191170091,1
32560,1,0.932537819245254,1
32563,1,0.1018785027325161,0
32564,1,0.9410168854956363,1
32566,0,0.14372638964659512,0
32572,0,0.15927144505145957,0
32573,0,0.5539345226004085,1
32574,1,0.7741708028617543,1
32575,0,0.09949595944584183,0
32577,1,0.7191642061905406,1
32579,0,0.036166658744955886,0
32580,1,0.9521166490877151,1
32581,1,0.6700074114782668,1
32586,0,0.16768178835839143,0
32589,0,0.4213809530852818,0
32594,0,0.18830664106566466,0
32595,1,0.0417839461200171,0
32597,1,0.5371762385520007,1
32605,0,0.14433071554367655,0
32608,0,0.0305955537471578,0
32610,1,0.9895046849443571,1
32611,0,0.10835952901771055,0
32614,1,0.6698225634016282,1
32616,1,0.8256980192644244,1
32618,0,0.09225376960479299,0
32619,1,0.40872113990807407,0
32620,0,0.6136620154814005,1
32623,0,0.32125070602566325,0
32624,1,0.7349935661539556,1
32626,1,0.8307853929498996,1
32628,0,0.18324704977394557,0
32630,0,0.06439782277796703,0
32632,0,0.4103482868104737,0
32634,0,0.13597692630516203,0
32640,1,0.8859650664344069,1
32641,1,0.5925521112400632,1
32643,0,0.20607005150459975,0
32648,1,0.9866726465220097,1
32650,0,0.25480674471481474,0
32651,0,0.036581985214059025,0
32653,0,0.04216738593842812,0
32658,0,0.23153548878580277,0
32660,1,0.975868745906517,1
32662,0,0.09860148064945227,0
32663,1,0.8891714638937412,1
32664,0,0.32464511215106356,0
32665,1,0.9587079058659008,1
32667,1,0.3195840068620436,0
32669,0,0.23924389468518856,0
32670,1,0.3984045382010881,0
32671,0,0.4645776751847059,0
32677,1,0.8285278553753519,1
32678,0,0.3442572000006876,0
32679,0,0.5786742132618357,1
32680,0,0.08586969155547018,0
32681,1,0.911386908196914,1
32684,0,0.09597720705876175,0
32686,0,0.10235489830093959,0
32690,1,0.8912947695525687,1
32693,0,0.4219064694464529,0
32697,1,0.8670849554184734,1
32699,1,0.8159932153532339,1
32701,0,0.33615004641400514,0
32707,0,0.056275015056258204,0
32708,0,0.850408495857913,1
32713,0,0.5295008511858194,1
32714,1,0.394197856721086,0
32715,1,0.0033295595881444517,0
32718,1,0.7299566047505965,1
32719,1,0.9082482376944699,1
32720,1,0.3692811146317349,0
32722,1,0.7106230060394411,1
32724,1,0.5528877495140664,1
32728,1,0.6892851807331564,1
32729,0,0.2329859936970737,0
32733,1,0.8877730171261125,1
32738,1,0.15727680423287166,0
32742,1,0.7190836255305506,1
32743,1,0.824602540411177,1
32746,0,0.07829866417538728,0
32749,1,0.4652105054487671,0
32751,0,0.23449183636117743,0
32752,0,0.05563479704808354,0
32754,1,0.1256776307026701,0
32756,1,0.25506954253688696,0
32761,0,0.01750979493531476,0
32763,1,0.6684546035195059,1
32764,0,0.2318633682676642,0
32767,1,0.9322269653485041,1
32770,1,0.22348059348085536,0
32772,1,0.4610881206275806,0
32773,1,0.6706610227510236,1
32775,0,0.3899576965252894,0
32778,1,0.8778777974764242,1
32780,1,0.6946156028434437,1
32782,0,0.8437849282962336,1
32784,0,0.271798698287771,0
32786,0,0.2022389682314403,0
32787,0,0.31163077674643946,0
32792,1,0.44690068704567343,0
32793,1,0.8493397030747767,1
32796,0,0.49567861331988,0
32797,1,0.73737105305895,1
32802,0,0.7083939687651946,1
32803,0,0.013988985333725501,0
32805,0,0.39160389330071754,0
32807,0,0.20664001397510165,0
32808,1,0.26856297225388137,0
32809,1,0.6168642955734922,1
32810,1,0.7295567387121192,1
32813,1,0.2784424987516723,0
32814,0,0.6123920661621994,1
32815,0,0.28955605890855207,0
32820,0,0.2827063799724619,0
